Fan_ID,Canal_GA4_Origen,Tiempo_Sitio_Seg,Clicks_CTAs,Conversión_Ecomm_%,Valor_Medio_Carrito_€,Visitas_B2B_Plataforma,Interés_B2B,Prob_Churn_ModeloIA
1,Email,167.371592430342,2,0.98,91.26,3,1,0.34
2,Referral,117.61084090175753,2,2.14,54.52,0,0,0.37
3,Social,261.62056519658177,4,3.39,55.13,1,1,0.26
4,Referral,108.49293110196837,3,3.08,54.0,0,0,0.33
5,Referral,157.9977756651508,2,3.0,98.08,2,0,0.42
6,SEO,186.53702886430457,3,2.55,92.52,1,0,0.13
7,Social,252.06366445330576,7,2.51,104.38,0,0,0.33
8,Social,108.20689244102803,3,1.84,56.82,0,0,0.31
9,Social,238.15818760774798,5,3.2,65.91,2,0,0.44
10,Referral,180.51165305097936,8,2.92,29.67,1,0,0.45
11,Email,130.92456744760244,1,2.99,89.54,1,0,0.18
12,Social,203.10517371316354,2,1.97,36.64,2,0,0.07
13,Paid,189.9529847786735,2,0.35,64.34,0,0,0.27
14,Referral,149.98915614206027,1,3.6,38.05,2,0,0.35
15,SEO,183.49010424950094,3,2.02,48.22,0,0,0.52
16,Email,160.734320156912,4,1.64,43.25,0,0,0.11
17,Paid,185.6758672625624,1,3.19,47.84,1,0,0.06
18,Paid,213.10653372605233,7,2.11,49.22,2,0,0.13
19,SEO,259.3008408072676,6,3.56,49.03,0,0,0.06
20,Email,118.10922505865756,2,3.12,76.67,1,1,0.33
21,Referral,286.65166873281333,2,3.18,37.9,1,0,0.29
22,Directo,82.39561002387491,1,1.13,64.41,1,0,0.35
23,Email,172.41074524822082,0,3.71,84.36,1,0,0.13
24,SEO,209.41586032422882,4,2.76,49.74,0,0,0.41
25,Paid,194.04959338675164,3,2.13,45.64,4,0,0.16
26,Referral,148.8650240089703,4,2.64,55.39,1,0,0.3
27,Email,169.59388748213624,5,0.72,83.59,1,0,0.64
28,Directo,155.34995326705837,1,2.91,63.88,0,0,0.14
29,Directo,150.5317621527894,1,1.47,49.38,0,0,0.17
30,Social,222.48010485105124,2,1.15,69.68,1,0,0.13
31,Social,197.85077429825236,6,0.98,37.95,1,0,0.18
32,SEO,145.3545202369673,3,3.61,73.63,0,0,0.17
33,Email,224.97999377166252,3,1.87,68.17,1,1,0.19
34,Email,195.36497604383047,2,4.03,53.84,2,0,0.22
35,Paid,220.64310594194802,6,1.96,43.23,2,0,0.34
36,Paid,211.48144209618061,1,0.79,42.27,2,1,0.46
37,Paid,138.55024945389638,3,1.38,70.7,0,0,0.3
38,Social,151.9909479901515,1,3.74,84.58,0,0,0.24
39,Email,217.3646802561631,2,2.34,47.25,0,0,0.04
40,Email,210.51851327167324,4,1.95,69.17,1,1,0.65
41,Directo,178.95492030179258,5,2.66,18.26,0,0,0.28
42,Social,185.8663691654391,8,3.0,48.31,3,0,0.29
43,Referral,243.88324478942124,2,3.62,59.38,0,0,0.55
44,Social,150.4214305582085,2,3.95,41.81,1,1,0.19
45,Referral,207.3548690585019,4,2.14,41.27,2,0,0.25
46,Directo,169.89036737830529,0,1.17,46.64,1,0,0.44
47,SEO,169.11593983863898,4,2.09,65.84,2,1,0.46
48,Email,234.9388425993595,3,2.76,56.25,1,0,0.27
49,Directo,221.27081744940148,6,1.54,15.24,1,0,0.28
50,Email,220.67548180003192,2,1.54,17.59,2,0,0.57
51,Paid,245.27394035771647,2,2.84,47.86,3,0,0.22
52,SEO,181.05019208163796,3,2.45,69.15,1,1,0.23
53,SEO,214.0976485647482,6,2.53,10.0,1,0,0.35
54,Directo,164.4866621703272,0,1.74,50.01,0,0,0.23
55,SEO,196.2083176244221,4,2.27,49.48,1,0,0.24
56,Referral,173.49284728161578,4,1.58,87.77,1,0,0.37
57,SEO,184.8497982496359,3,3.39,52.3,2,1,0.41
58,Email,209.75785127184568,4,3.54,67.66,0,0,0.14
59,Email,139.08896583832637,4,0.65,62.83,1,0,0.28
60,Email,284.619363784273,4,1.57,17.39,3,0,0.48
61,Email,129.6991309250149,1,1.0,75.36,2,1,0.36
62,Referral,119.29056936061339,5,1.85,64.31,2,0,0.3
63,Social,237.9055436750034,6,2.42,70.17,2,0,0.35
64,Paid,219.5831346981468,0,1.05,138.52,1,0,0.11
65,Directo,211.20599085260775,4,1.58,18.32,1,0,0.23
66,Email,211.417275463214,2,1.5,94.49,0,0,0.15
67,SEO,179.38766135765428,2,2.71,54.25,0,0,0.29
68,Email,135.1372814257084,3,2.57,65.75,2,0,0.54
69,SEO,183.7902279096863,1,1.78,59.09,0,0,0.14
70,Paid,146.14191442439443,1,2.68,51.52,1,0,0.26
71,Paid,228.75598667088755,5,1.95,48.6,1,1,0.17
72,Paid,172.64713092489308,0,2.23,66.59,0,0,0.13
73,SEO,138.72514016037442,2,4.17,29.66,0,1,0.33
74,Email,163.93070791735033,3,3.84,75.01,1,0,0.12
75,Paid,200.6465727137812,2,1.2,51.68,1,0,0.34
76,Referral,151.81377235980125,2,3.33,37.4,1,1,0.36
77,SEO,138.88898022167842,1,3.31,51.0,1,0,0.17
78,SEO,192.18436057459562,1,1.35,85.14,1,0,0.28
79,Email,192.24832855543613,3,3.32,49.29,0,1,0.67
80,SEO,154.65284123144352,1,4.04,67.17,1,0,0.04
81,SEO,156.44808471908385,2,1.38,45.38,3,0,0.22
82,Paid,191.60249686788183,0,1.58,75.16,0,0,0.6
83,Email,107.59578292513379,1,3.52,73.71,0,0,0.35
84,Paid,109.62681128117224,7,2.77,96.97,0,0,0.4
85,Paid,144.07778893737822,6,3.05,56.49,1,0,0.53
86,Email,169.32764241440765,1,2.84,73.37,0,0,0.46
87,Directo,195.54537827990023,1,2.89,61.96,2,0,0.34
88,Paid,253.76781084747762,4,1.17,85.92,0,0,0.39
89,Referral,222.88298116010097,5,3.55,45.62,0,0,0.15
90,Referral,172.00307350182865,5,3.67,74.9,0,0,0.23
91,SEO,179.04918960486555,0,2.27,56.11,0,0,0.54
92,Referral,129.87353176810956,5,2.46,58.72,1,0,0.55
93,SEO,179.0743432003805,3,0.97,61.84,0,0,0.29
94,Directo,165.5670680539931,7,3.01,65.04,3,0,0.26
95,Email,196.13592801690447,3,3.07,57.68,1,0,0.15
96,Email,138.63845282238384,3,2.44,64.29,0,1,0.38
97,Email,205.96732571205862,3,3.62,91.56,0,0,0.04
98,Referral,256.6369456501289,4,2.17,79.71,2,0,0.15
99,Directo,174.56199257715713,4,3.06,77.38,1,0,0.33
100,Referral,200.08558610494708,3,1.48,50.89,0,0,0.3
101,Referral,214.5071995855556,3,2.48,42.22,0,1,0.27
102,Directo,159.9389764057082,3,2.33,79.11,0,1,0.24
103,Directo,191.20462409052084,2,2.73,77.52,0,0,0.07
104,Directo,180.62962003908973,4,2.13,89.45,3,0,0.54
105,Directo,184.8838049274416,1,2.37,47.92,1,1,0.17
106,Email,141.3495108072267,0,3.33,55.41,0,1,0.31
107,Social,181.22550871294715,7,2.06,27.21,0,0,0.58
108,Social,204.8999145622725,1,0.89,52.15,2,0,0.43
109,Directo,252.5571803897521,1,4.25,79.93,2,0,0.6
110,Social,227.96354130426033,1,3.88,50.67,0,1,0.16
111,Social,287.65912287557785,3,1.21,72.81,0,0,0.21
112,Directo,141.63262185559753,1,3.19,56.19,2,0,0.48
113,Social,223.61603183603393,3,2.0,66.48,2,0,0.25
114,Referral,189.1671002869176,6,2.76,37.05,1,0,0.14
115,SEO,289.4901466608836,1,2.79,61.7,1,0,0.62
116,SEO,139.58508573224242,2,2.27,10.0,1,1,0.19
117,Directo,138.0139078909612,3,1.72,56.26,1,0,0.3
118,Email,150.0303677277989,3,1.81,27.39,3,0,0.27
119,Directo,73.80521378450966,7,1.58,84.12,0,0,0.31
120,Email,153.71224891596194,5,1.67,75.55,1,0,0.17
121,SEO,142.0433669223151,2,2.43,69.33,1,0,0.04
122,Directo,187.51968932381038,1,1.78,90.42,1,0,0.35
123,Paid,197.08779878885798,7,3.18,41.02,1,0,0.35
124,Referral,273.8085419607943,5,3.99,94.95,1,0,0.08
125,Social,227.5211919093025,3,1.92,78.64,0,0,0.22
126,Email,151.15481721687985,2,2.74,55.27,0,0,0.08
127,Paid,135.0792664325821,3,3.0,82.71,4,1,0.42
128,Social,204.59595857532528,2,2.97,37.87,0,1,0.09
129,Social,113.9883396489679,4,2.58,43.51,1,0,0.35
130,Directo,271.5729382927177,3,3.24,47.83,1,0,0.38
131,Social,238.97200603606436,3,2.98,49.42,1,1,0.25
132,Referral,156.54121739476477,6,1.26,38.87,0,0,0.61
133,Paid,94.34327354545613,1,3.37,84.46,1,0,0.02
134,Social,247.69361870827066,4,3.39,54.82,1,1,0.42
135,Directo,174.2730077373691,2,1.74,67.05,1,0,0.34
136,Referral,241.8908155986731,2,2.54,48.59,0,0,0.48
137,SEO,100.27861706028165,3,3.18,23.59,2,1,0.61
138,Paid,150.03124885231136,3,2.29,65.4,2,0,0.28
139,Social,180.26218498590916,1,3.57,21.75,2,0,0.24
140,Directo,182.3490296882371,3,4.86,58.63,0,0,0.54
141,SEO,157.4967264260378,2,1.71,32.63,0,0,0.17
142,SEO,211.14249661737495,4,1.12,99.75,1,0,0.42
143,Email,126.61897853087028,6,2.8,78.23,1,0,0.33
144,Referral,172.88102574893531,5,3.22,62.12,0,1,0.57
145,Social,186.01478158559493,5,2.27,85.27,1,0,0.07
146,Directo,205.72194170293744,3,3.95,43.07,1,0,0.06
147,Email,215.5807439044445,3,1.16,70.87,2,0,0.21
148,Referral,123.76789540810654,0,3.19,64.0,1,0,0.28
149,Email,103.29429146321888,3,1.89,65.28,1,0,0.39
150,Paid,243.88384109492546,4,4.22,85.45,1,1,0.14
151,Referral,196.61570059897957,6,4.49,74.65,1,1,0.04
152,Referral,142.57567317217232,2,1.73,65.77,0,0,0.7
153,Social,257.55759877612616,1,1.95,26.9,3,0,0.2
154,Referral,185.78373171464293,2,3.36,40.8,1,0,0.46
155,Email,238.96485920319134,2,2.11,57.55,3,0,0.12
156,Referral,183.37592407050545,1,2.45,61.87,0,0,0.23
157,Social,283.03739624409934,2,2.53,37.4,0,0,0.09
158,Social,267.7670421221602,5,0.58,108.23,0,1,0.65
159,Paid,167.55179257604632,6,2.49,90.33,0,0,0.19
160,Email,228.57854754771776,4,1.81,72.04,1,0,0.07
161,SEO,212.2687974792574,2,2.01,61.44,1,0,0.55
162,SEO,248.43157787661744,5,3.94,55.76,0,0,0.21
163,Referral,131.7538269709948,4,1.24,40.96,0,0,0.58
164,Paid,214.30257299992195,3,3.31,61.55,0,0,0.34
165,Directo,232.92122434247938,4,2.22,65.16,1,0,0.29
166,Referral,92.06302567884428,0,2.22,35.16,0,0,0.42
167,Paid,120.83707436671125,2,3.29,66.68,1,0,0.16
168,Email,78.03839111199497,2,2.84,56.89,0,0,0.19
169,Email,166.5296582777721,3,3.07,21.84,2,0,0.3
170,Email,215.8771127897981,5,3.47,42.79,1,0,0.42
171,Email,255.11785260480139,3,2.17,51.73,0,0,0.28
172,Email,183.70473902098877,5,1.89,97.75,2,0,0.04
173,Paid,261.4307772785646,2,1.41,71.13,4,0,0.31
174,Paid,110.99492708925543,4,1.67,33.29,0,0,0.22
175,Social,94.83087803224227,5,5.45,69.72,1,0,0.28
176,SEO,177.22261505516906,2,3.74,29.05,0,0,0.25
177,Email,199.20327244696537,1,1.15,81.65,1,0,0.24
178,Directo,178.36526259529535,0,1.18,50.58,0,0,0.29
179,Paid,76.62789499800617,4,2.98,58.13,0,0,0.46
180,Directo,175.54399802436058,3,3.05,86.52,2,1,0.12
181,Directo,114.77652497475734,4,3.05,34.26,0,0,0.21
182,Directo,213.48362744150194,1,2.25,32.06,2,1,0.11
183,Social,198.32991230484242,1,2.37,48.33,1,0,0.21
184,Paid,133.00601068363224,2,2.83,80.77,3,0,0.28
185,Directo,154.30665413316532,2,2.59,29.61,4,1,0.12
186,Email,127.03932390555242,1,0.28,10.0,0,0,0.32
187,Referral,176.8660451363414,2,2.27,50.98,2,0,0.32
188,Directo,227.75711602506192,5,1.65,71.03,0,0,0.13
189,Social,130.71369768322282,2,2.68,84.01,1,0,0.22
190,Paid,205.20232577589223,3,5.49,50.74,1,0,0.04
191,Social,153.48711908137795,4,2.87,51.77,1,0,0.14
192,Directo,140.3563583868828,2,2.19,83.08,1,1,0.19
193,Paid,174.64848200227212,2,3.42,22.61,0,0,0.18
194,Referral,128.2378838790313,2,2.98,52.23,2,1,0.06
195,Directo,152.3175347326409,5,2.92,63.81,3,1,0.1
196,Social,120.10610537055757,3,3.11,68.98,1,0,0.22
197,SEO,278.2362566458195,2,4.56,49.8,0,0,0.5
198,Email,181.76317759858642,4,1.37,60.69,0,1,0.4
199,Social,145.01372460037072,7,2.97,10.23,1,1,0.27
200,Paid,190.6989955367111,1,1.57,46.84,0,0,0.36
201,Directo,174.38359751545852,7,3.06,69.07,0,0,0.53
202,Email,168.95152002333884,3,1.58,40.35,2,0,0.09
203,Directo,210.70833500217125,1,2.08,61.18,3,0,0.54
204,Paid,217.87538550236525,2,2.2,68.94,3,0,0.38
205,Directo,153.47494261947364,1,3.48,53.15,1,0,0.46
206,SEO,151.209087967766,4,3.42,63.41,1,0,0.1
207,Email,166.2474151424178,3,1.25,40.75,0,0,0.2
208,Email,64.90394176322076,2,2.55,55.87,2,0,0.44
209,Paid,104.24044689007239,1,1.79,72.2,1,0,0.25
210,SEO,248.34371337222623,2,1.24,63.14,4,0,0.23
211,Social,262.2483856750642,3,2.28,48.27,1,0,0.53
212,Directo,167.54819802218108,3,2.19,64.48,2,0,0.23
213,Referral,208.8278481527883,1,4.93,74.29,0,0,0.31
214,Directo,195.5625077271768,7,2.93,19.0,1,0,0.52
215,Directo,333.9440404227619,2,1.12,83.18,0,1,0.56
216,Social,235.97874557172884,3,1.94,53.27,1,0,0.13
217,Directo,173.60412042596167,4,3.52,68.51,1,0,0.23
218,SEO,132.22297796997873,3,4.59,83.94,0,0,0.39
219,SEO,99.67768398712137,6,0.91,32.57,2,1,0.6
220,Email,190.17318179336115,5,0.62,45.81,2,0,0.13
221,Paid,142.18246273578484,2,4.37,54.23,2,0,0.4
222,Referral,108.88731452011629,1,2.89,44.32,1,0,0.24
223,Directo,147.67135578787367,5,1.63,94.7,3,0,0.52
224,Directo,125.92259981928025,3,3.03,42.86,2,0,0.14
225,Social,264.3570817536282,5,0.0,48.89,1,0,0.53
226,Paid,224.08198784747253,1,2.5,64.09,0,0,0.39
227,SEO,179.60136793416913,3,2.83,35.96,3,0,0.21
228,Referral,253.99720694450127,3,3.42,52.09,0,0,0.07
229,Email,183.8684153823809,3,1.49,66.35,1,0,0.35
230,SEO,136.93578993358682,2,2.59,53.34,1,0,0.25
231,Paid,256.15620386348286,1,1.57,58.13,0,0,0.05
232,Email,206.94550218423294,4,2.76,49.41,0,0,0.54
233,Social,128.13769228367718,1,1.6,29.71,2,0,0.22
234,Social,170.4830660958196,7,2.09,66.43,0,0,0.51
235,Directo,136.21908733076214,2,1.5,95.1,0,0,0.36
236,Paid,110.8600134517832,3,3.15,60.37,1,1,0.54
237,Referral,226.30887737658207,3,3.36,64.51,2,0,0.02
238,Email,275.47083202350655,6,2.27,73.85,0,0,0.3
239,SEO,110.07162130904294,2,2.54,34.61,1,0,0.65
240,Paid,208.14846183452855,1,1.05,94.05,0,0,0.14
241,Paid,147.46787154390864,5,2.2,64.05,2,0,0.3
242,Social,155.6437308117652,2,2.45,92.64,1,0,0.09
243,Directo,150.38030378805655,6,5.12,45.34,0,0,0.64
244,Directo,136.8004615160092,3,1.39,96.36,2,0,0.22
245,Email,182.42608139724135,4,3.96,75.5,1,0,0.32
246,Social,138.4524941794481,2,3.5,71.06,2,0,0.26
247,Paid,193.52284128899194,0,2.78,64.68,2,0,0.42
248,Referral,177.48809452754315,3,4.26,55.03,1,0,0.17
249,Social,168.05259765667952,5,2.87,84.01,0,0,0.26
250,Email,134.6218168979201,3,2.89,62.81,0,0,0.27
251,Email,151.16143347158336,2,2.45,20.66,1,1,0.06
252,Social,217.7695612912878,3,3.72,37.66,0,1,0.04
253,Email,205.04585938121903,3,3.6,56.28,3,0,0.34
254,Social,131.12223776007244,2,1.87,66.2,0,0,0.05
255,SEO,184.9666152714613,2,1.18,58.87,0,0,0.23
256,Social,217.56935616858945,3,2.3,84.38,2,0,0.13
257,Social,96.52973594393141,2,1.7,20.98,0,0,0.29
258,Email,207.16800961899676,1,2.44,62.87,1,0,0.41
259,Email,146.86881205270765,2,3.74,23.64,1,0,0.41
260,Directo,208.52993342965797,4,2.04,75.19,1,1,0.32
261,Directo,141.83704217287416,4,2.46,58.11,0,0,0.31
262,SEO,89.75589496677405,4,2.56,68.39,1,0,0.44
263,Directo,98.62287810584186,3,3.35,42.72,0,0,0.32
264,Social,182.4042473330691,3,0.25,85.59,0,0,0.18
265,Email,192.98612508607408,1,1.89,80.83,0,0,0.05
266,Directo,134.78416874477958,4,2.71,71.67,1,0,0.49
267,Directo,211.9296229388687,2,3.7,57.41,0,0,0.65
268,SEO,96.923996886552,2,2.01,71.6,1,0,0.19
269,Paid,176.69601006763418,2,0.62,45.86,3,0,0.21
270,SEO,119.44919001187716,6,3.12,77.11,1,0,0.04
271,Social,147.40819460989204,1,1.86,92.99,3,0,0.21
272,Email,182.3699335658207,2,1.31,81.41,0,0,0.25
273,SEO,136.9793317358024,2,1.88,45.41,3,0,0.14
274,Directo,160.77222278850874,2,2.32,67.23,1,0,0.13
275,Email,230.31464046072202,5,1.9,34.14,0,0,0.27
276,Email,151.15540652384257,3,0.29,71.45,1,0,0.25
277,Directo,221.7846056032571,1,3.4,69.01,1,0,0.14
278,SEO,123.51465726711909,3,3.77,22.6,1,1,0.49
279,Directo,206.49020889576414,5,3.15,36.76,0,0,0.01
280,Paid,252.07843103289503,4,1.36,54.34,0,0,0.45
281,Email,56.41777499363553,4,2.3,53.98,0,0,0.14
282,Referral,140.15523722647617,5,2.49,35.81,0,1,0.24
283,Referral,208.853606359027,2,3.1,67.78,0,0,0.33
284,Social,169.84773069785035,3,3.17,65.03,1,0,0.28
285,Directo,198.55729366856545,2,1.77,56.11,1,0,0.21
286,Directo,149.80074066420897,8,2.58,44.88,3,0,0.19
287,Social,184.329489373645,3,2.96,80.97,0,0,0.25
288,Social,172.216138230396,4,3.96,93.11,1,0,0.44
289,Social,238.38910308299037,5,3.2,50.33,0,0,0.35
290,Email,192.72104216506065,4,3.29,47.76,0,1,0.12
291,Paid,196.8801331037601,3,2.58,69.82,0,0,0.55
292,Directo,159.40615169387664,3,3.91,52.84,0,0,0.08
293,Email,155.61968879637533,1,2.91,57.21,1,0,0.48
294,Social,158.37209060901895,4,1.64,74.79,1,0,0.37
295,Directo,199.72260711891485,4,3.9,21.81,0,0,0.08
296,Email,158.95077595898687,3,3.2,86.37,1,0,0.46
297,Paid,194.48874284482065,2,2.06,61.45,2,0,0.37
298,Email,283.77003993227197,5,2.02,51.77,1,0,0.34
299,Paid,223.5562351715846,1,2.8,58.22,1,0,0.15
300,Social,163.69882339160793,7,2.96,59.25,1,0,0.27
301,Paid,240.06069610819725,3,2.7,25.38,3,0,0.16
302,Directo,159.59623134892243,4,2.81,89.9,2,0,0.31
303,Social,78.0937732411073,2,4.2,60.83,0,0,0.1
304,Directo,129.5956844541298,0,3.57,68.86,0,1,0.59
305,Referral,86.46040394870721,4,2.69,79.03,1,1,0.28
306,SEO,162.42432579793456,3,3.44,39.58,1,0,0.21
307,Paid,180.92091895947758,4,1.47,69.47,1,0,0.36
308,SEO,263.82186561376415,3,2.9,54.65,0,0,0.57
309,SEO,196.34636868820814,1,4.31,76.94,2,0,0.16
310,Paid,169.04497355955678,0,2.28,17.46,1,0,0.41
311,Social,221.47027905917446,3,1.65,58.02,1,0,0.29
312,Referral,69.44323454960575,2,1.85,47.94,1,0,0.24
313,Directo,191.7807279054283,6,1.41,68.65,0,0,0.03
314,Email,218.54325969434834,2,1.72,69.4,0,0,0.33
315,Directo,106.07068771100792,4,2.13,45.85,2,0,0.4
316,Email,237.18770216034645,3,1.09,45.76,0,0,0.49
317,Directo,196.9248203747207,7,2.52,57.79,0,0,0.41
318,Paid,159.23560430495994,5,3.4,42.07,2,0,0.23
319,Referral,211.63909330531425,4,1.59,76.84,1,0,0.14
320,Email,293.5346428902198,1,4.02,52.62,2,0,0.03
321,Social,189.09331275292476,6,3.01,10.0,0,0,0.42
322,Directo,192.4110293150168,1,3.53,52.5,1,0,0.33
323,Directo,157.0319550229878,2,1.84,39.23,0,0,0.26
324,Email,137.50778152676043,1,3.35,27.37,5,0,0.14
325,Social,221.51679082721228,3,1.41,35.25,0,0,0.06
326,Social,137.19580870455664,2,3.39,62.19,0,0,0.6
327,Paid,183.57831186096962,1,2.67,86.57,1,0,0.54
328,Paid,156.11712766174418,0,3.05,66.26,0,0,0.63
329,Paid,203.9489912873196,1,1.32,47.87,2,0,0.58
330,Paid,196.6831052643474,1,1.6,69.12,0,1,0.26
331,Paid,231.87699721289496,5,3.1,50.82,0,0,0.14
332,Paid,154.49918005726266,2,1.55,46.11,0,0,0.21
333,Referral,166.50625323533143,6,2.96,36.91,0,0,0.14
334,Social,131.06181421088462,2,1.13,24.96,2,0,0.16
335,Paid,157.78533699619442,5,3.35,52.2,0,1,0.35
336,Social,198.8650246522426,2,1.27,63.16,1,0,0.12
337,Social,217.8494308322676,1,3.05,58.07,2,0,0.3
338,SEO,133.89173379111872,1,3.13,51.68,0,0,0.09
339,Referral,223.480296005283,2,1.8,41.09,1,0,0.28
340,Paid,247.78189294024753,3,3.08,72.16,1,0,0.26
341,Directo,200.67174516118504,2,2.76,33.66,1,0,0.57
342,Email,273.8397906279033,1,1.96,75.52,0,0,0.1
343,Directo,141.31054004482135,5,1.49,39.96,1,0,0.18
344,Referral,117.76726483442914,5,0.54,44.95,1,0,0.19
345,Email,91.06398755478607,2,2.85,30.66,0,1,0.44
346,Referral,254.80221557445915,1,0.94,49.97,0,0,0.28
347,Social,212.71828281770289,3,2.6,79.51,0,0,0.36
348,Email,177.22076645447726,0,2.24,70.31,1,0,0.3
349,Social,193.998431315991,2,3.18,79.57,1,0,0.11
350,Directo,123.72554763508117,6,2.2,70.44,0,0,0.15
351,Directo,302.2875989808413,7,2.17,37.93,1,0,0.39
352,Email,186.46105909876138,3,3.23,53.38,1,0,0.33
353,Email,185.46973973024464,3,2.84,44.4,2,0,0.2
354,Paid,216.28833119493459,3,2.82,86.61,1,1,0.05
355,Referral,204.05046158683567,1,2.97,36.06,0,0,0.12
356,Paid,191.19420121395657,3,0.96,77.87,0,0,0.33
357,Referral,140.4762772277344,4,3.26,77.86,1,1,0.14
358,Paid,203.57341785679978,4,3.11,96.59,1,0,0.58
359,Social,274.1012248237517,1,1.48,51.81,0,0,0.74
360,Email,247.2710023077489,3,2.26,74.25,4,0,0.23
361,Directo,259.65933133196984,0,2.46,105.63,0,0,0.42
362,Referral,154.43921617844074,2,2.37,47.65,1,1,0.33
363,Referral,130.51975898707096,4,2.83,29.3,2,1,0.43
364,Directo,173.7106539950176,6,3.93,22.4,0,0,0.66
365,Paid,182.78624561443473,3,3.58,74.25,2,0,0.29
366,Referral,234.70957592354742,2,1.19,22.34,0,0,0.01
367,Social,95.37676851425903,4,3.12,52.55,3,0,0.34
368,Email,256.4775159730307,2,3.83,68.75,0,0,0.52
369,Directo,172.09960507105052,4,2.89,63.7,2,0,0.06
370,Email,158.655946502629,2,3.59,68.51,3,1,0.61
371,Referral,129.39478123699163,6,4.51,64.45,2,1,0.64
372,Referral,97.25716640671153,2,3.52,85.58,0,0,0.44
373,Directo,221.15852919809572,0,2.75,40.95,1,0,0.08
374,Social,183.6658983594202,5,3.55,46.46,1,0,0.26
375,SEO,115.5019550129473,3,2.64,44.55,0,0,0.15
376,Directo,115.2460613968192,2,2.52,76.6,1,0,0.34
377,SEO,163.21076503549358,5,2.15,78.01,2,0,0.12
378,Paid,263.45107626446963,4,4.06,69.02,0,0,0.52
379,SEO,167.02043243181976,4,1.68,83.67,1,0,0.23
380,Social,104.8428523440947,7,4.03,36.44,0,0,0.21
381,Paid,167.71284679570277,2,3.0,93.34,3,1,0.2
382,SEO,166.36382151261648,2,1.1,90.46,2,0,0.18
383,Paid,45.155667852921425,5,2.87,74.71,1,0,0.25
384,SEO,177.28525667410938,4,0.4,95.64,1,0,0.04
385,Social,168.4532734895661,3,3.13,26.87,0,0,0.36
386,SEO,214.8103182406709,2,3.39,49.51,0,1,0.16
387,SEO,272.44780474726724,4,1.91,45.29,0,0,0.42
388,SEO,236.32825147738788,4,2.62,74.43,1,0,0.45
389,Directo,166.55556547225848,5,4.45,39.0,2,0,0.44
390,Directo,124.67370456291648,1,1.99,75.15,0,0,0.35
391,Directo,308.667990162493,2,1.44,87.41,2,0,0.32
392,Social,182.9609217007244,1,3.98,73.9,3,0,0.5
393,Paid,180.6964645956473,4,4.46,65.68,1,0,0.35
394,Referral,178.79374564449984,1,2.5,40.24,1,0,0.35
395,SEO,189.90423803839275,3,3.51,43.06,0,0,0.4
396,SEO,172.78197940380286,1,3.84,84.99,2,0,0.59
397,Social,151.31689965598818,2,1.76,75.59,2,0,0.65
398,SEO,152.65705293798038,5,2.01,59.22,1,0,0.07
399,Directo,178.3623364892001,4,3.73,51.64,2,1,0.45
400,Referral,152.82876144331175,3,4.19,19.48,1,1,0.12
401,Email,144.3577108661418,3,3.06,38.58,2,0,0.28
402,SEO,185.32151138459483,5,1.62,98.23,0,0,0.12
403,Directo,167.25113912895725,3,4.49,34.39,0,0,0.2
404,Email,255.1996494291344,2,1.97,63.79,0,0,0.07
405,Referral,47.45150958034941,1,2.16,80.15,0,0,0.46
406,Email,234.57534259612308,2,2.84,34.9,2,0,0.38
407,Directo,242.30425962488147,1,4.05,63.69,2,0,0.66
408,Paid,76.33048837959252,2,3.35,78.76,2,0,0.44
409,Paid,162.86562029598255,1,2.91,60.25,0,1,0.07
410,Email,161.42795670021042,3,2.96,117.37,1,0,0.51
411,Social,109.62441526410893,3,2.54,26.63,0,0,0.15
412,Email,141.10916562045622,6,3.06,81.17,1,0,0.31
413,SEO,124.47120772670857,5,0.0,56.54,1,0,0.1
414,SEO,267.6135221711811,6,2.2,75.44,1,1,0.59
415,Paid,226.78391965737305,1,2.74,68.83,4,0,0.15
416,Social,243.57775474970794,2,1.35,45.34,0,0,0.17
417,Directo,216.08360320216175,4,2.89,64.58,2,0,0.54
418,SEO,123.54741143913854,2,2.3,22.84,1,0,0.21
419,Paid,153.7739866860113,1,4.26,72.06,0,0,0.55
420,Referral,204.4687280613959,4,4.07,65.96,1,0,0.26
421,Paid,118.89360955540273,4,2.03,72.77,1,0,0.21
422,SEO,215.6499215086194,1,2.35,81.16,0,0,0.05
423,SEO,167.98373009209325,4,2.43,67.35,1,0,0.45
424,Paid,161.25895962252014,3,2.05,62.96,1,0,0.62
425,Directo,215.54799841017456,1,2.7,42.38,1,0,0.31
426,Email,202.213165574302,2,1.74,45.76,3,0,0.62
427,SEO,161.951691709046,1,1.37,83.73,1,0,0.16
428,Paid,237.9664901682124,2,3.12,88.73,1,0,0.36
429,Paid,125.94683362000514,2,3.13,55.24,1,0,0.2
430,Social,210.7967803472132,3,1.7,60.92,2,0,0.57
431,Email,209.6550628984192,4,3.4,41.91,0,0,0.21
432,Referral,164.5226780343005,4,1.87,83.46,2,0,0.32
433,Directo,196.3066511121059,0,2.75,73.31,0,0,0.45
434,Referral,117.44432118073485,3,3.32,98.82,1,0,0.55
435,Email,226.20135096034505,0,2.47,42.43,0,0,0.61
436,Email,170.75489317785053,3,2.95,52.44,0,0,0.05
437,Email,153.86384897404804,1,1.98,64.63,1,0,0.46
438,Referral,232.45046129184448,4,2.3,72.93,0,0,0.28
439,Email,144.78281547286204,5,2.29,55.69,2,0,0.31
440,Paid,109.57693518182202,1,1.75,42.54,1,0,0.33
441,Referral,102.16854132380482,3,2.32,77.63,0,0,0.11
442,Email,210.30049756728198,3,0.95,74.42,0,0,0.38
443,Paid,115.97853237518585,3,2.01,41.67,1,0,0.16
444,Social,267.7397090992182,2,2.22,87.11,0,0,0.09
445,Email,75.9035296058139,3,2.24,83.4,2,0,0.43
446,Referral,264.8228184145019,3,2.26,62.69,1,0,0.44
447,SEO,190.5508733601309,4,2.44,61.59,1,0,0.49
448,Email,175.16434440648038,3,2.98,71.08,1,0,0.23
449,SEO,152.7540456595525,1,3.37,42.77,0,0,0.59
450,Paid,199.95680571760354,2,1.85,60.6,0,1,0.27
451,Social,178.11826487875757,4,1.3,16.95,0,1,0.53
452,Directo,235.16509410082608,1,1.46,77.53,0,0,0.5
453,Social,185.711382433102,4,2.01,28.77,5,0,0.2
454,Email,187.5150880730939,2,2.15,90.07,0,0,0.21
455,SEO,161.81938938930722,1,1.73,53.4,1,0,0.31
456,SEO,177.15271881394662,5,1.2,55.77,1,0,0.65
457,Referral,195.39008844460295,6,2.04,47.45,0,0,0.22
458,SEO,94.49158036716872,1,2.68,54.24,0,0,0.33
459,Referral,112.59072889471435,7,3.1,88.37,1,0,0.33
460,Paid,217.16320470113575,4,1.94,10.24,2,0,0.21
461,Directo,188.54327190639708,3,2.09,85.54,1,0,0.57
462,Email,170.80083318236603,3,1.57,66.76,0,0,0.21
463,Referral,180.92169665326966,0,2.47,35.86,2,1,0.34
464,Directo,197.37908526808354,3,1.65,38.49,0,0,0.37
465,SEO,153.01201598453193,3,3.07,93.53,0,0,0.45
466,SEO,141.08476372988437,1,0.71,41.09,1,0,0.33
467,Directo,189.79226275488406,0,2.14,36.93,1,1,0.17
468,SEO,131.0813611192484,2,2.8,82.75,2,0,0.56
469,Paid,200.4126377857236,4,2.68,66.77,0,0,0.01
470,Paid,94.87081978810798,6,5.19,41.24,2,0,0.25
471,Directo,231.45778186628218,3,2.85,64.33,3,0,0.28
472,Referral,203.62987412065215,3,1.5,39.48,0,0,0.4
473,Referral,192.80148671569378,2,2.4,82.02,0,0,0.2
474,Directo,229.1345491972757,1,0.72,81.23,0,0,0.4
475,Referral,263.27372222312886,0,2.42,70.64,3,1,0.32
476,Referral,230.7185032509065,2,1.67,67.23,0,0,0.4
477,Paid,87.95628843341774,6,3.42,95.22,1,0,0.45
478,Referral,116.02115166321492,6,1.95,59.99,0,0,0.38
479,Social,148.75907111521605,3,2.38,36.36,1,0,0.47
480,Email,181.3045525105417,3,1.86,68.99,0,1,0.35
481,SEO,205.88295102345614,2,4.24,101.72,1,0,0.16
482,Social,143.71280934232672,5,2.18,39.7,1,0,0.14
483,Referral,189.33833822385392,3,4.33,52.77,0,0,0.37
484,Paid,142.23085338233386,2,3.31,68.33,0,0,0.15
485,Directo,149.4241098504026,2,2.98,58.92,1,0,0.04
486,Referral,109.66694515758888,2,2.87,40.35,1,0,0.6
487,Paid,133.8383376944548,3,2.89,82.44,0,0,0.64
488,Email,112.41576971918332,1,0.57,106.4,1,0,0.15
489,Referral,131.20633735113336,6,2.22,63.92,1,0,0.22
490,Directo,232.682089830392,4,3.35,41.92,2,0,0.17
491,Paid,132.53005555840286,6,2.45,29.02,1,1,0.36
492,Paid,311.61910324186954,2,1.09,65.16,4,0,0.16
493,Paid,204.66589504404448,5,2.45,82.08,1,0,0.2
494,Email,189.2418061847437,2,4.2,69.5,0,0,0.42
495,Referral,137.08211099093933,3,3.75,59.95,3,0,0.1
496,Email,215.01549397044957,6,2.44,48.21,2,0,0.3
497,SEO,151.2181086881113,6,3.45,38.16,1,1,0.09
498,SEO,186.10049073226807,5,2.13,76.7,0,0,0.14
499,Referral,308.00422691343977,4,0.8,78.28,4,1,0.08
500,Email,175.1970050137675,3,1.58,29.09,1,0,0.26
